term,estimate,std.error,statistic,p.value,model,Coef_CI,PR,lci,uci
(Intercept),-1.5331349979717261,0.003807989245117689,-402.61011764605007,0,M0,"0.22 	(0.21, 0.22)",0.21585789140632644,0.2142527991114251,0.2174750083808858
I(o_htn >= 1)TRUE,0.3353316955786863,0.005898694061140024,56.84846376214292,0,M0,"1.4 	(1.38, 1.41)",1.3984041527780842,1.3823296876036104,1.4146655403871713
(Intercept),-3.323768105280609,0.014084129265825427,-235.99386533220755,0,M1,"0.04 	(0.04, 0.04)",0.03601686041584748,0.035036216384394,0.037024952123324954
I(o_htn >= 1)TRUE,0.3281027264062481,0.005850855894350426,56.077731588478095,0,M1,"1.39 	(1.37, 1.4)",1.3883315832785608,1.3725015844859725,1.4043441602660347
sexMale,0.04703424307712001,0.0047552914943726305,9.890927429534006,4.582691222446655e-23,M1,"1.05 	(1.04, 1.06)",1.0481579006169586,1.038434065042776,1.0579727896161555
age,0.028854597610991725,1.260860722259099e-4,228.84841363995068,0,M1,"1.03 	(1.03, 1.03)",1.0292749245612354,1.0290205926132339,1.0295293193697281
educationNo education,0.12377817157727466,0.008648825970450283,14.311557661141194,1.8973496097171073e-46,M1,"1.13 	(1.11, 1.15)",1.1317647855539852,1.112741146730679,1.1511136562024493
educationPrimary,0.15357558296560123,0.008825972911587179,17.400414039791524,8.622312277674566e-68,M1,"1.17 	(1.15, 1.19)",1.1659959132206545,1.1459989202007372,1.1863418417611817
educationSecondary,0.11475799991220755,0.007466231063134371,15.370271686184784,2.673213726675523e-53,M1,"1.12 	(1.11, 1.14)",1.121601976949626,1.1053081744904651,1.1381359730531524
smokecurr,-0.028429754497817584,0.005275868689394782,-5.38863951541578,7.10286258990225e-8,M1,"0.97 	(0.96, 0.98)",0.9719705683088095,0.9619714975045277,0.982073572979332
alcohol,0.16859405524168822,0.006484495211888191,25.999565075258353,6.4620463544545205e-149,M1,"1.18 	(1.17, 1.2)",1.1836395491134188,1.1686911467446763,1.198779152325943
swealthq_ur,0.03704285168161124,0.0015501420368046234,23.896424199919974,4.002317131032296e-126,M1,"1.04 	(1.03, 1.04)",1.0377374886818505,1.0345893381938291,1.0408952186727036
nmembers,-0.026062665148081306,9.757752168428138e-4,-26.70970188442458,4.822544086407711e-157,M1,"0.97 	(0.97, 0.98)",0.9742740346691066,0.9724124973330918,0.9761391356381094
residenceUrban,0.11454520361422348,0.004768439943535183,24.02152590167739,1.995268372834956e-127,M1,"1.12 	(1.11, 1.13)",1.121363329593657,1.1109317318890195,1.1318928795194325
factor(state)2,-0.013939825025216698,0.016668309622895502,-0.83630706055934,0.40298262696943454,M1,"0.99 	(0.95, 1.02)",0.9861568844431008,0.9544598392363263,1.0189065697228659
factor(state)3,0.3757411094646984,0.011756319392341522,31.960777597576104,6.84216863008888e-224,M1,"1.46 	(1.42, 1.49)",1.4560701221974555,1.4229023917349846,1.4900109895598437
factor(state)4,0.20642555955714997,0.042326855347848705,4.87694060569141,1.0778059437989015e-6,M1,"1.23 	(1.13, 1.34)",1.229276222944614,1.1314103174515975,1.3356074352412142
factor(state)5,0.20168125191954112,0.01617008796019208,12.472489476621586,1.0692678900344716e-35,M1,"1.22 	(1.19, 1.26)",1.2234579710730802,1.1852904849407984,1.2628544867269569
factor(state)6,0.1452412966862465,0.012306091321432216,11.802390612305558,3.8355546846807243e-32,M1,"1.16 	(1.13, 1.18)",1.1563185524428807,1.1287618879979826,1.18454796263106
factor(state)7,0.22596645537393262,0.014853238260124677,15.213278843076735,2.975231131554856e-52,M1,"1.25 	(1.22, 1.29)",1.2535336152565282,1.2175663950188662,1.2905633163058459
factor(state)8,-0.056613529069742465,0.011966818573568086,-4.730875522320407,2.236213836872328e-6,M1,"0.94 	(0.92, 0.97)",0.9449591980664968,0.923053121106509,0.9673851543235737
factor(state)9,0.11487632467815037,0.01040550183833266,11.039960057953124,2.4721021438785167e-28,M1,"1.12 	(1.1, 1.14)",1.1217346980929739,1.0990888749466508,1.144847119817141
factor(state)10,0.012739400107152913,0.012540002386064899,1.0159009316704433,0.30967711232716416,M1,"1.01 	(0.99, 1.04)",1.012820891949406,0.9882308006985375,1.0380228570533243
factor(state)11,0.4173092443220276,0.026187712184350984,15.935307421447815,3.7369356160721423e-57,M1,"1.52 	(1.44, 1.6)",1.5178718336100772,1.4419283193530452,1.5978151426421334
factor(state)12,0.2957443199532442,0.013142251952237815,22.503321426803563,4.443970015023462e-112,M1,"1.34 	(1.31, 1.38)",1.344126446581291,1.309945464412271,1.3791993281261092
factor(state)13,0.12310904552142465,0.01663294713223498,7.4015172742800885,1.3487036308430992e-13,M1,"1.13 	(1.09, 1.17)",1.1310077455527183,1.0947307790330727,1.1684868508311095
factor(state)14,0.16733827243305047,0.016591425616367873,10.085828445505424,6.4200295240898896e-24,M1,"1.18 	(1.14, 1.22)",1.1821540878196095,1.1443297314554555,1.2212286799287901
factor(state)15,-0.005606186822466671,0.022707551448225588,-0.24688645251995012,0.8049962139953142,M1,"0.99 	(0.95, 1.04)",0.9944094985175399,0.9511219533845453,1.0396671501725985
factor(state)16,-0.07093311302221758,0.019518068546019757,-3.6342280925477484,2.7884519699907e-4,M1,"0.93 	(0.9, 0.97)",0.9315241968821412,0.8965613752039092,0.9678504488101157
factor(state)17,-0.001108696036851964,0.019509780484023218,-0.056827704328087536,0.9546824700056877,M1,"1 	(0.96, 1.04)",0.998891918339526,0.9614162071647088,1.0378284213312399
factor(state)18,-0.0631315488355822,0.012113172045064782,-5.211809805120668,1.8708960200243842e-7,M1,"0.94 	(0.92, 0.96)",0.9388199648923893,0.9167931854305302,0.9613759575085035
factor(state)19,-0.13694505170553123,0.013484864558400905,-10.155463639433897,3.1521333858966236e-24,M1,"0.87 	(0.85, 0.9)",0.8720181407252635,0.8492723234253459,0.8953731527326626
factor(state)20,0.034673977329513606,0.0131764688553257,2.6315075541273707,0.008500988084686075,M1,"1.04 	(1.01, 1.06)",1.0352821283289855,1.008887358502552,1.062367444893188
factor(state)21,0.030985130650582348,0.012214291106765977,2.5367932023020527,0.011187637176119865,M1,"1.03 	(1.01, 1.06)",1.031470166482175,1.0070699953218414,1.0564615262941608
factor(state)22,0.15687479119046668,0.012498813356731546,12.551174796604021,3.971706877201793e-36,M1,"1.17 	(1.14, 1.2)",1.1698491293137097,1.1415387317789747,1.1988616305846231
factor(state)23,0.024952222496584728,0.011409194764497378,2.1870274819244857,0.028741031661641835,M1,"1.03 	(1, 1.05)",1.025266134697976,1.0025935582263668,1.0484514271347367
factor(state)24,-0.1354615722002692,0.012835318101280772,-10.553814960515249,4.911947288514244e-26,M1,"0.87 	(0.85, 0.9)",0.8733127217700535,0.8516166491846302,0.8955615308080608
factor(state)25,-0.29522044702769024,0.03788642182059313,-7.792249382263474,6.596626605775238e-15,M1,"0.74 	(0.69, 0.8)",0.7443674757800622,0.6910951029440753,0.8017462960434536
factor(state)27,-0.027189823163502522,0.012284007588945914,-2.213432625031101,0.026868334011862827,M1,"0.97 	(0.95, 1)",0.973176492549612,0.9500254758738118,0.9968916725944317
factor(state)28,0.027506745624956117,0.01459482813572061,1.884691300861145,0.05947217252844367,M1,"1.03 	(1, 1.06)",1.0278885488345135,0.9989014862873672,1.0577167852177658
factor(state)29,0.03807195265811305,0.012310464221702238,3.0926496330654722,0.00198390349213902,M1,"1.04 	(1.01, 1.06)",1.0388059750406848,1.0140411059743528,1.0641756506935143
factor(state)30,-0.08988466651189829,0.025157198610567453,-3.572920335976583,3.5305909933485026e-4,M1,"0.91 	(0.87, 0.96)",0.9140365982214153,0.8700602857326821,0.9602356487109732
factor(state)31,-0.03441636932174307,0.0308343176454185,-1.1161709403631577,0.2643495679166371,M1,"0.97 	(0.91, 1.03)",0.9661691376881444,0.9095078664061091,1.0263603395863738
factor(state)32,0.012502772340405682,0.013406236728638301,0.9326086502483844,0.3510225667185125,M1,"1.01 	(0.99, 1.04)",1.0125812587566807,0.9863209683439198,1.0395407159464802
factor(state)33,0.0647523186020735,0.012666876154385807,5.111940608944339,3.1899643037167033e-7,M1,"1.07 	(1.04, 1.09)",1.0668947416755297,1.040732967481451,1.093714166247148
factor(state)34,-0.0723680567479792,0.03405830923872767,-2.1248282244642245,0.033601493180069664,M1,"0.93 	(0.87, 0.99)",0.9301884706556095,0.8701215687884013,0.9944019571258735
factor(state)35,0.07538720115603195,0.02601969661883175,2.897312841898029,0.0037639240787895713,M1,"1.08 	(1.02, 1.13)",1.0783015896851003,1.0246884301362063,1.1347198661771347
factor(state)36,0.09100438722582271,0.012342565823547064,7.3732146562431256,1.6684615610132647e-13,M1,"1.1 	(1.07, 1.12)",1.0952738104614688,1.0690954939393973,1.1220931401201728
factor(state)37,0.07069942765664038,0.02849569332291701,2.481056588287395,0.013099720645929545,M1,"1.07 	(1.01, 1.13)",1.0732585855343209,1.0149586459361875,1.1349073147316708
glucose,0.002451043277358876,3.5470328109812924e-5,69.10122933655047,0,M1,"1 	(1, 1)",1.0024540495395904,1.0023843595089659,1.0025237444153627
(Intercept),-1.4487652568625993,0.002969327884689281,-487.9101645637906,0,S0,"0.23 	(0.23, 0.24)",0.2348601010327078,0.23349721257690254,0.2362309444654589
I(o_htn_blood_related >= 1)TRUE,0.2362146168518928,0.005195358636257063,45.46646986088932,0,S0,"1.27 	(1.25, 1.28)",1.266446081673605,1.253615421713016,1.279408062478029
(Intercept),-3.3250521705487817,0.01435210601293375,-231.67695163011825,0,S1,"0.04 	(0.03, 0.04)",0.035970642096338774,0.03497288268096549,0.036996867104898856
I(o_htn_blood_related >= 1)TRUE,0.30837727200913234,0.005096288158216069,60.510171802584715,0,S1,"1.36 	(1.35, 1.37)",1.361214440182376,1.3476853255487828,1.3748793706027105
sexMale,0.09039936068103555,0.004753601754707078,19.017024426061973,1.326412578793754e-80,S1,"1.09 	(1.08, 1.1)",1.0946113411582947,1.084460145310721,1.1048575582729767
age,0.02945323850374819,1.2670678364915506e-4,232.45194657693133,0,S1,"1.03 	(1.03, 1.03)",1.029891275088875,1.0296355381922062,1.0301470755044857
educationNo education,0.11341438877852315,0.008706378343229949,13.026586291958449,8.779865348930741e-39,S1,"1.12 	(1.1, 1.14)",1.1200959920014675,1.1011442729150562,1.1393738878343458
educationPrimary,0.14772175961339432,0.008870594905146816,16.652970989317136,3.006247650975193e-62,S1,"1.16 	(1.14, 1.18)",1.1591903179256713,1.139210403135016,1.1795206482268794
educationSecondary,0.11152955413637405,0.007487967199449008,14.894503563608131,3.678564912342413e-50,S1,"1.12 	(1.1, 1.13)",1.1179867846511824,1.1016985645536688,1.1345158202698207
smokecurr,-0.02784058465474549,0.005288091587458362,-5.264769755647637,1.404294576817119e-7,S1,"0.97 	(0.96, 0.98)",0.972543392784894,0.962515369952226,0.9826758931615803
alcohol,0.16863651405545235,0.006481271850046252,26.01904656325269,3.893320093251658e-149,S1,"1.18 	(1.17, 1.2)",1.183689806111517,1.1687481529190131,1.1988224782156383
swealthq_ur,0.03823456220500794,0.0015845091045904593,24.13022562902234,1.4552847099655412e-128,S1,"1.04 	(1.04, 1.04)",1.0389749085443258,1.0357532340149362,1.042206603980658
nmembers,-0.024482728277675704,9.770707694894297e-4,-25.05727224904006,1.812387903357213e-138,S1,"0.98 	(0.97, 0.98)",0.9758145427706821,0.9739475888667074,0.9776850754266548
residenceUrban,0.11621673100326128,0.004885114847093504,23.789969046972708,5.072099679608841e-125,S1,"1.12 	(1.11, 1.13)",1.123239286532051,1.112535790640433,1.1340457587281312
factor(state)2,-0.014878222518354172,0.017141911966254024,-0.8679441679343468,0.38542536172952657,S1,"0.99 	(0.95, 1.02)",0.9852319113589877,0.9526798508912088,1.0188962412210512
factor(state)3,0.38248788394505756,0.012063267950356763,31.706821527888366,2.1965712669605795e-220,S1,"1.47 	(1.43, 1.5)",1.4659271129965248,1.4316732695203265,1.5010005050512092
factor(state)4,0.21814229841216953,0.04351895055054612,5.012581775353313,5.372489136633134e-7,S1,"1.24 	(1.14, 1.35)",1.2437640406753725,1.1420731407034688,1.3545095613791203
factor(state)5,0.20095948141102513,0.01661887198108939,12.092245589213086,1.1747834961147642e-33,S1,"1.22 	(1.18, 1.26)",1.2225752337963394,1.183393894935185,1.263053839207138
factor(state)6,0.14467756721319702,0.012661992468716672,11.42612962143552,3.125988614656573e-30,S1,"1.16 	(1.13, 1.18)",1.1556668852938818,1.1273390829353958,1.1847065093204074
factor(state)7,0.22390210731588817,0.015290430702954267,14.643283218479123,1.5259968978317512e-48,S1,"1.25 	(1.21, 1.29)",1.2509485547225532,1.2140147750778705,1.289005964908515
factor(state)8,-0.0658968905031665,0.012324418817324856,-5.346855821755504,8.953877561151542e-8,S1,"0.94 	(0.91, 0.96)",0.9362273932504469,0.9138829754068776,0.9591181315991616
factor(state)9,0.11274073271184425,0.010739016977824065,10.498235820341138,8.861723169151294e-26,S1,"1.12 	(1.1, 1.14)",1.1193416866409103,1.0960274780612445,1.1431518246863752
factor(state)10,0.007430130342112936,0.012932500979955575,0.5745315893367486,0.565608418132359,S1,"1.01 	(0.98, 1.03)",1.0074578022534093,0.9822419936784696,1.0333209431621122
factor(state)11,0.4295981484106389,0.0268031267116793,16.027911707160797,8.465337224747251e-58,S1,"1.54 	(1.46, 1.62)",1.5366398982743465,1.4579976474741099,1.6195239965299904
factor(state)12,0.29447406262970965,0.013562887680921678,21.71175265603161,1.798770093177318e-104,S1,"1.34 	(1.31, 1.38)",1.3424201440698296,1.3072043891294118,1.3785846025231308
factor(state)13,0.1230417213796332,0.017173226569659694,7.1647410508758815,7.805251545847573e-13,S1,"1.13 	(1.09, 1.17)",1.130931603990001,1.0934985086511786,1.1696461246033523
factor(state)14,0.15928457400646112,0.017011927989808377,9.363111230066716,7.776197963006862e-21,S1,"1.17 	(1.13, 1.21)",1.172671611060984,1.1342154689473611,1.2124316278851464
factor(state)15,-0.025141428943268557,0.023210651742847536,-1.0831849627409105,0.2787269142664641,S1,"0.98 	(0.93, 1.02)",0.975171984731801,0.9318025841087931,1.0205599512425585
factor(state)16,-0.07963425717365871,0.02018906786046476,-3.944424662101537,8.000392937282231e-5,S1,"0.92 	(0.89, 0.96)",0.9234540313173613,0.8876259695530594,0.960728254025369
factor(state)17,-0.012043059742006776,0.020173619825647384,-0.5969706897468168,0.5505272505502843,S1,"0.99 	(0.95, 1.03)",0.9880291676648897,0.9497244827581377,1.0278787731380195
factor(state)18,-0.07117006642617982,0.01250982157117432,-5.689135214380116,1.2776334338246096e-8,S1,"0.93 	(0.91, 0.95)",0.9313034952018566,0.9087463045108691,0.9544206076766728
factor(state)19,-0.14479334595351653,0.013929959447536482,-10.394383881650372,2.64726481226972e-25,S1,"0.87 	(0.84, 0.89)",0.865201071939959,0.8418982910860311,0.8891488470898437
factor(state)20,0.024386005287029257,0.013542114941172844,1.8007530871627098,0.07174247657810362,S1,"1.02 	(1, 1.05)",1.0246857756882704,0.9978457836640546,1.0522477081001225
factor(state)21,0.027121720823837337,0.012593795315565261,2.153578023482431,0.03127380965478839,S1,"1.03 	(1, 1.05)",1.027492862429854,1.0024408560559692,1.053170943668471
factor(state)22,0.15272063023527951,0.012855609934147296,11.879687624125893,1.526361507867655e-32,S1,"1.16 	(1.14, 1.19)",1.1649994678486437,1.136011717293113,1.1947269023964064
factor(state)23,0.020161734943754655,0.011774898653265156,1.712263989479336,0.08684871991714116,S1,"1.02 	(1, 1.04)",1.020366355577134,0.997087184087589,1.044189030015958
factor(state)24,-0.14321565259350746,0.013205582695438745,-10.845083923708618,2.1209642876049017e-27,S1,"0.87 	(0.84, 0.89)",0.8665671712858,0.8444256434084094,0.8892892680511347
factor(state)25,-0.31013217225629436,0.03894628273224228,-7.963075048483296,1.6820331407769462e-15,S1,"0.73 	(0.68, 0.79)",0.7333500212914084,0.6794532241366035,0.7915221160536939
factor(state)27,-0.03464056099629375,0.012660415488405392,-2.7361314506635366,0.0062168628884286346,S1,"0.97 	(0.94, 0.99)",0.9659525548902042,0.9422779583680585,0.9902219722032947
factor(state)28,0.02326014253350128,0.015075971232315029,1.5428619606041467,0.12286497646309208,S1,"1.02 	(0.99, 1.05)",1.0235327693246055,0.9937309717893631,1.054228316940649
factor(state)29,0.03238493151963925,0.012673493867211201,2.5553278250621463,0.010609109477805242,S1,"1.03 	(1.01, 1.06)",1.0329150303425394,1.007573417891364,1.058894013044083
factor(state)30,-0.08966440459937527,0.025953970482240546,-3.454747113191398,5.508600033731404e-4,S1,"0.91 	(0.87, 0.96)",0.914237947844668,0.8688939597691597,0.9619482514313786
factor(state)31,-0.04050279081353573,0.03167223168083118,-1.2788107646373723,0.20096436291414793,S1,"0.96 	(0.9, 1.02)",0.9603064844713379,0.9025056170575704,1.0218092017247513
factor(state)32,0.011851233088102845,0.013847756938944486,0.8558233033953135,0.3920959797989425,S1,"1.01 	(0.98, 1.04)",1.0119217371958777,0.984825933670412,1.0397630354769032
factor(state)33,0.05782606125710147,0.013040224560212033,4.434437535189288,9.233483186579975e-6,S1,"1.06 	(1.03, 1.09)",1.059530686245846,1.0327934526561997,1.0869601005016154
factor(state)34,-0.08861866581912013,0.035062114280074934,-2.52747638408903,0.011488895030218656,S1,"0.92 	(0.85, 0.98)",0.9151945019868194,0.8544131586885065,0.9802997155996042
factor(state)35,0.06801703719755485,0.026949804533684864,2.5238415778689447,0.011608364521120306,S1,"1.07 	(1.02, 1.13)",1.070383544659337,1.0153114577114357,1.128442828036237
factor(state)36,0.08653243996204495,0.012707741563059344,6.809427114381178,9.811048953078833e-12,S1,"1.09 	(1.06, 1.12)",1.0903867392484863,1.0635637170873056,1.1178862366469284
factor(state)37,0.06349267567383679,0.02919810546631389,2.1745477886258358,0.02966454059044713,S1,"1.07 	(1.01, 1.13)",1.0655516813248278,1.006284051280414,1.1283100275011448
glucose,0.002473374000698231,3.535103925472996e-5,69.9660901869326,0,S1,"1 	(1, 1)",1.0024764353135756,1.0024069780955998,1.0025458973442722
(Intercept),-1.4361349341668832,0.002473837153203289,-580.5292932508836,0,T0,"0.24 	(0.24, 0.24)",0.23784527204969813,0.23669481809606396,0.2390013177788941
I(o_htn_not_blood_related >= 1)TRUE,0.31724892875700106,0.004912447657825339,64.58062270681619,0,T0,"1.37 	(1.36, 1.39)",1.3733443942919907,1.3601847435223158,1.3866313633610399
(Intercept),-3.23571505701212,0.014590266050110285,-221.77217645648494,0,T1,"0.04 	(0.04, 0.04)",0.03933207020973215,0.038223224440169255,0.040473083305801016
I(o_htn_not_blood_related >= 1)TRUE,0.24850905213966337,0.0051088671848518495,48.64269184301956,0,T1,"1.28 	(1.27, 1.3)",1.2821124281775453,1.2693382129092723,1.2950151990774543
sexMale,2.0792661776376258e-4,0.004758622732290779,0.04369470526688878,0.9651477791939546,T1,"1 	(0.99, 1.01)",1.0002079482360013,0.9909224778104836,1.0095804284558811
age,0.028720904377674522,1.277757018221306e-4,224.7759469766426,0,T1,"1.03 	(1.03, 1.03)",1.0291373266667572,1.0288796213994011,1.0293950964819996
educationNo education,0.11511514749525878,0.008790865049482495,13.09486004475014,3.5820279567224704e-39,T1,"1.12 	(1.1, 1.14)",1.122002625925987,1.1028360090268485,1.1415023469315853
educationPrimary,0.15015917198243706,0.008936237786478578,16.803399324226007,2.4097609545234242e-63,T1,"1.16 	(1.14, 1.18)",1.162019188906696,1.1418435963238753,1.182551270361879
educationSecondary,0.11447442930493133,0.007545364217349871,15.171491528759859,5.6269664201254896e-52,T1,"1.12 	(1.1, 1.14)",1.1212839686869291,1.1048234135298358,1.1379897665432284
smokecurr,-0.03469287142913604,0.0052979549001337806,-6.548351596624577,5.82379398022074e-11,T1,"0.97 	(0.96, 0.98)",0.9659020268155369,0.9559240037906339,0.9759842013661792
alcohol,0.16201707331475274,0.006504556926917599,24.908241273788025,7.508508971656596e-137,T1,"1.18 	(1.16, 1.19)",1.1758803173243864,1.160984255811574,1.190967503434697
swealthq_ur,0.041852636547687505,0.0016237484308401888,25.77532070410154,2.1453014877656218e-146,T1,"1.04 	(1.04, 1.05)",1.0427408055431622,1.0394275091566867,1.046064663448212
nmembers,-0.020502712614538426,9.68945896816798e-4,-21.159811586894975,2.5067499954678798e-99,T1,"0.98 	(0.98, 0.98)",0.9797060389060689,0.9778472115387339,0.9815683997898272
residenceUrban,0.11959211579303658,0.005024393044812654,23.80230103942751,3.7816287317140814e-125,T1,"1.13 	(1.12, 1.14)",1.1270370571980235,1.1159926807001523,1.138190733921905
factor(state)2,-0.007151636521409226,0.017587971818233364,-0.40662087677415765,0.6842866553200307,T1,"0.99 	(0.96, 1.03)",0.992873875577078,0.9592303246124899,1.0276974231415066
factor(state)3,0.4074554850678752,0.01235252197825956,32.98561101813839,2.5249290596329544e-238,T1,"1.5 	(1.47, 1.54)",1.5029885386121484,1.467036738291098,1.5398213884070042
factor(state)4,0.2045465585675924,0.0447602898958363,4.569822024021783,4.882682186991025e-6,T1,"1.23 	(1.12, 1.34)",1.2269685804155146,1.1239130494872225,1.339473634560712
factor(state)5,0.2179227133294938,0.01704647233365578,12.784035844133987,2.043958996434089e-37,T1,"1.24 	(1.2, 1.29)",1.243490958629141,1.2026309648618994,1.2857391912987883
factor(state)6,0.15772123293115223,0.012993767714108824,12.138221676834826,6.706627624536935e-34,T1,"1.17 	(1.14, 1.2)",1.1708397576425031,1.141397567783091,1.2010414046518032
factor(state)7,0.23922245713371282,0.015717684816067876,15.219955097277461,2.686795585348096e-52,T1,"1.27 	(1.23, 1.31)",1.270261083795118,1.2317252081426018,1.3100025966323643
factor(state)8,-0.06157440335477089,0.012671757278085387,-4.859184247575357,1.1791003008192762e-6,T1,"0.94 	(0.92, 0.96)",0.9402829829283632,0.9172171338032563,0.9639288837950419
factor(state)9,0.11745351372923728,0.011037356142844084,10.64145364244558,1.9251683099334144e-26,T1,"1.12 	(1.1, 1.15)",1.1246293489041461,1.1005612706177896,1.1492237698920527
factor(state)10,0.0012544974633083676,0.01323623060874153,0.09477754659849058,0.9244915640670159,T1,"1 	(0.98, 1.03)",1.0012552846744014,0.9756137542136034,1.0275707376598997
factor(state)11,0.4543680404600506,0.027645533115384088,16.43549569341477,1.1099737421425814e-60,T1,"1.58 	(1.49, 1.66)",1.575177619902114,1.492097421488788,1.6628837356777997
factor(state)12,0.324466280812547,0.01389303081084447,23.35460744528679,1.4608228010269667e-120,T1,"1.38 	(1.35, 1.42)",1.3832921593587386,1.3461328691418128,1.4214772122481902
factor(state)13,0.1375173192977762,0.017746420116990753,7.749017457673875,9.279844714528718e-15,T1,"1.15 	(1.11, 1.19)",1.147421578335974,1.1081969617822853,1.188034549664891
factor(state)14,0.19851665805358595,0.017453525174484327,11.374015052489316,5.6870458582174444e-30,T1,"1.22 	(1.18, 1.26)",1.2195923432796465,1.1785769648298092,1.2620350882227924
factor(state)15,0.010196180700782279,0.024046015524134528,0.4240278681741915,0.67154569238392,T1,"1.01 	(0.96, 1.06)",1.0102483388718764,0.9637397306990841,1.0590013814757377
factor(state)16,-0.06610348824952472,0.02071066848623808,-3.1917602415127004,0.0014141838788134739,T1,"0.94 	(0.9, 0.97)",0.9360339907598698,0.8987985081625824,0.9748120673330721
factor(state)17,-0.009305427565808093,0.020727620784502243,-0.4489385280902878,0.6534762183136823,T1,"0.99 	(0.95, 1.03)",0.9907377339427671,0.9512945247765412,1.0318163638002833
factor(state)18,-0.062132370463693666,0.012871654538372348,-4.827069455482019,1.3860221714923644e-6,T1,"0.94 	(0.92, 0.96)",0.939758482291469,0.9163464059534616,0.963768722506036
factor(state)19,-0.13663182032832477,0.014328031990840834,-9.535979568978236,1.491769302559656e-21,T1,"0.87 	(0.85, 0.9)",0.8722913269514472,0.8481355892142861,0.8971350439139195
factor(state)20,0.04406923816059413,0.013942226613499555,3.160846497640779,0.0015732181886685406,T1,"1.05 	(1.02, 1.07)",1.0450547100493899,1.016883414682528,1.0740064507172447
factor(state)21,0.044537239620600216,0.012963752633557507,3.4355206304471366,5.914698632196821e-4,T1,"1.05 	(1.02, 1.07)",1.0455439116440806,1.0193124021702928,1.0724504762705458
factor(state)22,0.17840998340085273,0.01325019690030148,13.464704316717995,2.570349883512614e-41,T1,"1.2 	(1.16, 1.23)",1.195315280214087,1.164672110835117,1.2267646883797958
factor(state)23,0.02925638224262177,0.012091357455063591,2.419611061152596,0.015537509718695514,T1,"1.03 	(1.01, 1.05)",1.0296885544971577,1.0055727921875606,1.0543826637909726
factor(state)24,-0.1339987997194033,0.013616099827556684,-9.841202797897557,7.521058438683561e-23,T1,"0.87 	(0.85, 0.9)",0.8745911143574486,0.8515591161605313,0.8982460557310354
factor(state)25,-0.31672258998518665,0.04020875241768081,-7.876956407280016,3.3619435427340228e-15,T1,"0.73 	(0.67, 0.79)",0.7285328293986878,0.673321908667902,0.7882709246186741
factor(state)27,-0.016355013097583356,0.013046802184192572,-1.2535648863749151,0.21000085319850093,T1,"0.98 	(0.96, 1.01)",0.9837780039765363,0.9589400247880568,1.009259323931091
factor(state)28,0.03971573407717407,0.015538885814771695,2.5558932957354763,0.01059188536342854,T1,"1.04 	(1.01, 1.07)",1.0405149492056487,1.0093025198392336,1.0726926151862644
factor(state)29,0.05402272745454973,0.0130431959490257,4.141832083614838,3.44605441529551e-5,T1,"1.06 	(1.03, 1.08)",1.055508590906004,1.0288668627460111,1.0828401864385901
factor(state)30,-0.07831018521069312,0.026808342528031142,-2.9211125278935466,0.003488011765867668,T1,"0.92 	(0.88, 0.97)",0.9246775607510714,0.8773453867824366,0.9745632726152131
factor(state)31,-0.015063631687040849,0.032674797716236076,-0.46101683070422633,0.6447867531590523,T1,"0.99 	(0.92, 1.05)",0.9850492572627343,0.9239417640830028,1.0501982667672713
factor(state)32,0.03420514313669348,0.014263855688206522,2.3980292484993795,0.016483954405017823,T1,"1.03 	(1.01, 1.06)",1.034796866430583,1.006267545366617,1.0641350401343053
factor(state)33,0.08150097172659934,0.013419277812887648,6.07342458089117,1.2531075118709263e-9,T1,"1.08 	(1.06, 1.11)",1.0849142718235434,1.056751085017116,1.1138280280898363
factor(state)34,-0.0642883509276676,0.036472391140828106,-1.7626579699541995,0.07795887345057927,T1,"0.94 	(0.87, 1.01)",0.9377345639110126,0.873039709813436,1.0072235002246217
factor(state)35,0.09610162310909325,0.02776354832467441,3.4614315859505775,5.373605875952914e-4,T1,"1.1 	(1.04, 1.16)",1.1008709322365275,1.042566090029067,1.1624364354777095
factor(state)36,0.11158089030324055,0.013112258776543421,8.509662004447938,1.7496489640292845e-17,T1,"1.12 	(1.09, 1.15)",1.1180441792805114,1.0896764998927293,1.1471503578778546
factor(state)37,0.07438957465668355,0.029986178736697608,2.4807954127760965,0.01310932213373857,T1,"1.08 	(1.02, 1.14)",1.0772263838610276,1.015739241687072,1.1424356118790242
glucose,0.0024552951904908043,3.572126183057191e-5,68.73483927125578,0,T1,"1 	(1, 1)",1.0024583118961894,1.002388128564481,1.002528500141863
(Intercept),-1.5122025448112713,0.0032477569672713603,-465.6144409973402,0,U0,"0.22 	(0.22, 0.22)",0.22042394928012385,0.21902527421127713,0.22183155615812028
I(o_htn_blood_related >= 1)TRUE,0.21032331137207252,0.004920544405384311,42.743910844890664,0,U0,"1.23 	(1.22, 1.25)",1.234076986588287,1.2222324264458244,1.2460363314492144
I(o_htn_not_blood_related >= 1)TRUE,0.29374284762354874,0.0045529293905381,64.51732992697082,0,U0,"1.34 	(1.33, 1.35)",1.3414389051079603,1.3295215039285648,1.3534631300208948
(Intercept),-3.2980965121290047,0.01390095322156211,-237.2568599837633,0,U1,"0.04 	(0.04, 0.04)",0.03695344092421317,0.035960204574700734,0.03797411088979259
I(o_htn_blood_related >= 1)TRUE,0.2956626526725296,0.004891359854494441,60.44590082671163,0,U1,"1.34 	(1.33, 1.36)",1.344016679911696,1.331193072816526,1.3569638189740083
I(o_htn_not_blood_related >= 1)TRUE,0.22771225947567802,0.004705840558336961,48.38928490092135,0,U1,"1.26 	(1.24, 1.27)",1.255723950775771,1.244195096471338,1.2673596327649859
sexMale,0.04901000341849874,0.004826776322442666,10.153775552146667,3.2071432080552103e-24,U1,"1.05 	(1.04, 1.06)",1.0502308565862597,1.0403420172461961,1.060213693036766
age,0.028961921771051058,1.260193164294447e-4,229.8212892407345,0,U1,"1.03 	(1.03, 1.03)",1.0293853965560351,1.0291311719635206,1.0296396839492357
educationNo education,0.1354586519373153,0.008606379987253446,15.73932967611673,8.41471252983834e-56,U1,"1.15 	(1.13, 1.16)",1.145061848766487,1.1259083669715602,1.1645411615754024
educationPrimary,0.16543261910117132,0.008797644121740233,18.80419539730685,7.482760110651829e-79,U1,"1.18 	(1.16, 1.2)",1.1799034570854399,1.1597323394299746,1.2004254091305635
educationSecondary,0.12306847681142735,0.007431828550479044,16.559649617252614,1.4225580463705015e-61,U1,"1.13 	(1.11, 1.15)",1.1309618629581895,1.1146072412444388,1.147556455884671
smokecurr,-0.025210420814346816,0.005261987733841326,-4.791045150525816,1.659676118560864e-6,U1,"0.98 	(0.97, 0.99)",0.9751047081127479,0.9650996518849904,0.9852134853914093
alcohol,0.1703609669177997,0.006470133488998492,26.330363540021764,1.1263207326055607e-152,U1,"1.19 	(1.17, 1.2)",1.1857327843893937,1.170790902268112,1.2008653579833317
swealthq_ur,0.035062669332737384,0.0015228054980937244,23.025047766526633,3.060813133623256e-117,U1,"1.04 	(1.03, 1.04)",1.0356846124294559,1.032598014408205,1.0387804367780982
nmembers,-0.031684530532422185,9.424436977609517e-4,-33.61954736150072,1.7696997245277084e-247,U1,"0.97 	(0.97, 0.97)",0.9688121645334244,0.9670242365620219,0.9706033981990487
residenceUrban,0.11302899544187221,0.004659298032682739,24.25880350409612,6.4769655244624344e-130,U1,"1.12 	(1.11, 1.13)",1.1196643976418779,1.109485918212516,1.1299362549517458
factor(state)2,-0.017702237904954427,0.016247126684537025,-1.0895611420204092,0.275907092409545,U1,"0.98 	(0.95, 1.01)",0.9824535262296007,0.9516608038027967,1.0142426033982048
factor(state)3,0.35265979706679146,0.011446197981956592,30.81021293032959,3.1589987548509974e-208,U1,"1.42 	(1.39, 1.46)",1.4228470043611143,1.391281477964077,1.455128692420981
factor(state)4,0.1996632384269879,0.04102923694007268,4.866364897758545,1.1370799601649862e-6,U1,"1.22 	(1.13, 1.32)",1.2209915058969167,1.126646965041587,1.3232363852481428
factor(state)5,0.19801040313806548,0.015835548433345004,12.50417085151998,7.181761640432487e-36,U1,"1.22 	(1.18, 1.26)",1.2189750749216839,1.1817220371921424,1.2574024910383594
factor(state)6,0.13652926632296933,0.01199307111147359,11.384012072800422,5.0713257981737815e-30,U1,"1.15 	(1.12, 1.17)",1.146288424932124,1.119657513409414,1.1735527492976336
factor(state)7,0.22100116242214052,0.014490865286769393,15.251067348194962,1.6695585955202933e-52,U1,"1.25 	(1.21, 1.28)",1.2473248804812798,1.2123966055982316,1.2832594138614832
factor(state)8,-0.058154657318311986,0.011705270337769781,-4.968245554368996,6.758611664976862e-7,U1,"0.94 	(0.92, 0.97)",0.9435040163514488,0.9221042548159202,0.9654004134803885
factor(state)9,0.1124473075598807,0.01019265382406712,11.032191370452278,2.6952045327937454e-28,U1,"1.12 	(1.1, 1.14)",1.119013291818415,1.0968799122478996,1.1415932895517231
factor(state)10,0.01374614386684484,0.012275940684382883,1.119762975421697,0.26281537945220035,U1,"1.01 	(0.99, 1.04)",1.013841056498044,0.9897383142108441,1.0385307642259285
factor(state)11,0.4064323402135112,0.025639749452657356,15.851650226300778,1.418723182540588e-56,U1,"1.5 	(1.43, 1.58)",1.5014515500377548,1.4278623008422564,1.5788334461810454
factor(state)12,0.28717797801638323,0.012916941546266386,22.232660648634074,1.9026245654991762e-109,U1,"1.33 	(1.3, 1.37)",1.332661376798474,1.2993456253036706,1.3668313577423543
factor(state)13,0.12223800803377238,0.0164408467062101,7.435019024147958,1.0473725620877548e-13,U1,"1.13 	(1.09, 1.17)",1.1300230243343243,1.0941895458902697,1.1670300089430314
factor(state)14,0.1592763000784189,0.01612208799987181,9.87938411449468,5.1423687407778875e-23,U1,"1.17 	(1.14, 1.21)",1.172661908500596,1.1361859639920278,1.2103088712843044
factor(state)15,-0.009266266116736015,0.022372970186305234,-0.4141723713737396,0.6787480719839519,U1,"0.99 	(0.95, 1.04)",0.9907765334277958,0.9482687857119718,1.0351897626306177
factor(state)16,-0.07463441452029396,0.019288582444491085,-3.869357156498036,1.0913808494658157e-4,U1,"0.93 	(0.89, 0.96)",0.9280827178813332,0.8936509322867765,0.9638411376418676
factor(state)17,0.003992926825262461,0.019416682864985393,0.20564412845527846,0.8370689978219303,U1,"1 	(0.97, 1.04)",1.0040009091783595,0.9665098668010943,1.0429462339243978
factor(state)18,-0.06425350355315028,0.011929732591935449,-5.385996966653379,7.208022118208063e-8,U1,"0.94 	(0.92, 0.96)",0.9377672420679298,0.9160944764170142,0.9599527373368609
factor(state)19,-0.1387304372050712,0.013274199821594276,-10.451133708216938,1.4576603545163506e-25,U1,"0.87 	(0.85, 0.89)",0.8704626411778378,0.848107511450645,0.893407026180302
factor(state)20,0.030926795013131822,0.012889204823018608,2.3994339012985653,0.016420848816144758,U1,"1.03 	(1.01, 1.06)",1.0314099967675385,1.0056800240715311,1.057798261841928
factor(state)21,0.02673421322551498,0.01199089993763198,2.22954184961655,0.025778366392969976,U1,"1.03 	(1, 1.05)",1.0270947782737396,1.003237278050874,1.0515196221642864
factor(state)22,0.15067597137308147,0.012228099583799248,12.322108626978219,6.977049330467932e-35,U1,"1.16 	(1.14, 1.19)",1.1626198749191532,1.135086541664111,1.1908210730570103
factor(state)23,0.022692980373872785,0.011181605702305848,2.0294920942519985,0.04240878171437935,U1,"1.02 	(1, 1.05)",1.0229524248589716,1.0007773351658564,1.0456188672092854
factor(state)24,-0.13516827376691676,0.012566491304490652,-10.756246154295606,5.580154819407189e-27,U1,"0.87 	(0.85, 0.9)",0.8735689005897621,0.8523154308012059,0.8953523501976776
factor(state)25,-0.29328052343811584,0.037628028361537225,-7.7942038477334235,6.4953449817387364e-15,U1,"0.75 	(0.69, 0.8)",0.745812893352167,0.6927878502700733,0.8028964013636931
factor(state)27,-0.02914617806601549,0.01205664904508088,-2.417436051844534,0.015630675612928253,U1,"0.97 	(0.95, 0.99)",0.9712744750646544,0.9485913254192487,0.9945000345593263
factor(state)28,0.025249681348282375,0.014375957523647906,1.75638257881241,0.07902378680444999,U1,"1.03 	(1, 1.05)",1.0255711545482658,0.9970770846611733,1.054879516561033
factor(state)29,0.03446141884319703,0.012049773350582911,2.859922576181065,0.004237639689584704,U1,"1.04 	(1.01, 1.06)",1.035062093712818,1.0109028708571464,1.059798689593947
factor(state)30,-0.09023523348670144,0.024721241623279083,-3.6501092809889553,2.6215845791812916e-4,U1,"0.91 	(0.87, 0.96)",0.9137162233360256,0.8704988271809843,0.9590792206936215
factor(state)31,-0.03941678154357007,0.029865651399267907,-1.3198031751129422,0.1869014138410397,U1,"0.96 	(0.91, 1.02)",0.9613499527210211,0.9066911017297508,1.01930385092957
factor(state)32,0.011861036344689352,0.013150422910495643,0.9019509429786321,0.36708341161082125,U1,"1.01 	(0.99, 1.04)",1.0119316573729378,0.9861825568721664,1.0383530635963958
factor(state)33,0.05926775119743562,0.012394650297156752,4.7817203209864845,1.7385630392834586e-6,U1,"1.06 	(1.04, 1.09)",1.0610593026083328,1.0355930280740548,1.0871518184565963
factor(state)34,-0.0769236463185493,0.03370271857392057,-2.2824166587580095,0.02246521797463548,U1,"0.93 	(0.87, 0.99)",0.9259605514044204,0.8667705592882313,0.989192507255039
factor(state)35,0.06859283796626389,0.02576811007805938,2.6619273884842736,0.0077697401692765,U1,"1.07 	(1.02, 1.13)",1.0710000498021996,1.0182519088813424,1.126480683877588
factor(state)36,0.08623969625262594,0.012097967419113089,7.128445073870783,1.0166075921762463e-12,U1,"1.09 	(1.06, 1.12)",1.0900675821076393,1.0645239246506215,1.1162241693647041
factor(state)37,0.058517047065177165,0.02764485330993644,2.1167429036110774,0.03428222173151319,U1,"1.06 	(1, 1.12)",1.060263059914028,1.0043425361799003,1.1192971677711514
glucose,0.002457653556541164,3.534795699948647e-5,69.5274568931061,0,U1,"1 	(1, 1)",1.002460676062627,1.002391225992207,1.0025301309448529
(Intercept),-1.1769280665053905,0.004421238791076388,-266.19871084114357,0,P0,"0.31 	(0.31, 0.31)",0.30822412979640695,0.3055647135355765,0.3109066917103023
I(o_diagnosedhtn >= 1)TRUE,0.6345199502649574,0.0072247033385550675,87.82643667578753,0,P0,"1.89 	(1.86, 1.91)",1.8861164943749245,1.8595965056049284,1.9130146887407262
(Intercept),-1.4070092333000237,0.019090409279848928,-73.70241322092588,0,P1,"0.24 	(0.24, 0.25)",0.2448745517364982,0.23588133092393962,0.25421064843612523
I(o_diagnosedhtn >= 1)TRUE,0.5958983346116797,0.007352106195464087,81.05137749225136,0,P1,"1.81 	(1.79, 1.84)",1.814660385191759,1.7886984034992233,1.840999190887763
sexMale,-0.41336644281814666,0.007334208186453804,-56.36142747919668,0,P1,"0.66 	(0.65, 0.67)",0.6614198658549596,0.6519799357858387,0.6709964754057927
age,0.011380158672237507,2.0341626183960956e-4,55.94517650319707,0,P1,"1.01 	(1.01, 1.01)",1.011445159015334,1.0110419803826298,1.0118484984257434
educationNo education,-0.13016429557749473,0.012196354275244563,-10.672393785878663,1.3898224730705714e-26,P1,"0.88 	(0.86, 0.9)",0.8779511755752248,0.8572127427376581,0.8991913305351026
educationPrimary,-0.027278951400197163,0.012226929973038193,-2.23105484862925,0.025678433506432227,P1,"0.97 	(0.95, 1)",0.9730897589101041,0.9500470833949112,0.9966913171419315
educationSecondary,-0.014196670788471909,0.010357528585070584,-1.3706619944969394,0.17048165355249592,P1,"0.99 	(0.97, 1.01)",0.9859036267509016,0.9660908256135112,1.0061227531307042
smokecurr,-0.03653378385217123,0.008316210065121132,-4.393080930626912,1.1180417907025889e-5,P1,"0.96 	(0.95, 0.98)",0.9641255214720242,0.9485378781811648,0.9799693217693165
alcohol,-0.12303822411259013,0.011906458679802447,-10.3337379670503,5.020457980641914e-25,P1,"0.88 	(0.86, 0.91)",0.8842298630130068,0.8638338057600102,0.9051074933981192
swealthq_ur,0.033647295639415355,0.002332843612421853,14.423296726900716,3.8678998335231316e-47,P1,"1.03 	(1.03, 1.04)",1.034219768569718,1.0295017240776692,1.0389594351176685
nmembers,-0.010121205237484485,0.0012963435669643545,-7.807502189550949,5.8570435242722304e-15,P1,"0.99 	(0.99, 0.99)",0.9899298417959205,0.9874177877057971,0.9924482867125312
residenceUrban,0.09693992599061958,0.006606448628457397,14.67353058238417,1.0010338181650529e-48,P1,"1.1 	(1.09, 1.12)",1.1017941824387945,1.0876194169902622,1.116153685280189
factor(state)2,-0.1787541831025393,0.01937873903078732,-9.224242238803546,2.878266984024423e-20,P1,"0.84 	(0.81, 0.87)",0.8363114536184894,0.8051420869564483,0.8686874761414669
factor(state)3,-0.2720181654337392,0.013739487821317732,-19.798275523173785,3.6285532339702793e-87,P1,"0.76 	(0.74, 0.78)",0.7618404218024375,0.7415982966705809,0.7826350611885654
factor(state)4,-0.39518642293897616,0.06107071291354278,-6.470964625850001,9.756917208238877e-11,P1,"0.67 	(0.6, 0.76)",0.6735544615416675,0.5975692990372511,0.7592016748410708
factor(state)5,-0.41189958843472035,0.023077337964120936,-17.84866127432521,3.2990708451452307e-71,P1,"0.66 	(0.63, 0.69)",0.6623907844084516,0.6330972907098439,0.6930396918573033
factor(state)6,-0.2645005938988141,0.014645359621355,-18.060368658556865,7.324312072946147e-73,P1,"0.77 	(0.75, 0.79)",0.767589192997126,0.7458688498259411,0.7899420512647439
factor(state)7,-0.46973837964605164,0.021034058496712527,-22.33227504427966,2.3395283753654876e-110,P1,"0.63 	(0.6, 0.65)",0.6251658029884185,0.5999162995185147,0.6514780170831017
factor(state)8,-0.3283274115579421,0.01475988100609316,-22.244583911103504,1.6514590156858513e-109,P1,"0.72 	(0.7, 0.74)",0.720127203133378,0.6995928343891575,0.7412642943169895
factor(state)9,-0.3296307787831199,0.012484983720427488,-26.402179303108717,2.167285504988393e-153,P1,"0.72 	(0.7, 0.74)",0.7191892243370493,0.7018038381251246,0.737005288805943
factor(state)10,-0.02315590986428349,0.013010377798493565,-1.779803032850026,0.07510948992327016,P1,"0.98 	(0.95, 1)",0.9771101307890377,0.9525084978923399,1.002347180947128
factor(state)11,-0.41453496681720087,0.042463777010861056,-9.762084204407307,1.6537352230456703e-22,P1,"0.66 	(0.61, 0.72)",0.6606474322597469,0.6078883980164033,0.7179854578169125
factor(state)12,-0.41930326068328583,0.02020212321499148,-20.755405569060763,1.3349219184028584e-95,P1,"0.66 	(0.63, 0.68)",0.6575047696846578,0.6319788047506041,0.6840617421159829
factor(state)13,-0.29417232290290457,0.02359593846698491,-12.467074505831,1.1586378542273168e-35,P1,"0.75 	(0.71, 0.78)",0.7451480742997418,0.7114711842316314,0.780419031632691
factor(state)14,-0.2355666758460015,0.020994832876653772,-11.220221529267391,3.300462350080377e-29,P1,"0.79 	(0.76, 0.82)",0.7901229791343788,0.7582693994141262,0.823314672382328
factor(state)15,-0.16866688459791246,0.028515809416392646,-5.914855234687897,3.3262374023813586e-9,P1,"0.84 	(0.8, 0.89)",0.8447902691699886,0.7988693439511896,0.8933508392680376
factor(state)16,-0.07865191261634508,0.02166790363627402,-3.6298810414070104,2.8361186245096884e-4,P1,"0.92 	(0.89, 0.96)",0.9243616270718442,0.8859267526532993,0.9644639526280199
factor(state)17,-0.404858796623012,0.03247729680306287,-12.465901921518006,1.1757970355007923e-35,P1,"0.67 	(0.63, 0.71)",0.6670709968860764,0.6259315253079725,0.7109143682572014
factor(state)18,-0.15216023352794464,0.014395239704449062,-10.570177131605336,4.152806172183397e-26,P1,"0.86 	(0.83, 0.88)",0.8588506530450173,0.834957124504306,0.8834279301152891
factor(state)19,-0.3083454027507901,0.01699263748487759,-18.145823626567605,1.555292250399127e-73,P1,"0.73 	(0.71, 0.76)",0.734661520070407,0.710596179237759,0.7595418675781721
factor(state)20,-0.33463714112268506,0.017544353090441014,-19.073780571881617,4.802324143108519e-81,P1,"0.72 	(0.69, 0.74)",0.7155977002262253,0.6914087658423262,0.740632884434446
factor(state)21,-0.394510627115431,0.01610772387970836,-24.492015759744564,2.6340589357794342e-132,P1,"0.67 	(0.65, 0.7)",0.6740098006745203,0.6530629416455167,0.6956285258824184
factor(state)22,-0.7454357459871583,0.021773139349005557,-34.23648441496814,2.9718909364695826e-256,P1,"0.47 	(0.45, 0.5)",0.474527481437186,0.4547028732765493,0.49521642345586653
factor(state)23,-0.6653912524148268,0.016881185210847992,-39.4161454959478,0,P1,"0.51 	(0.5, 0.53)",0.51407235630400006,0.4973414953656452,0.5313660532621661
factor(state)24,-0.5161658903838583,0.017781913894248894,-29.027577877924546,6.27371536695843e-185,P1,"0.6 	(0.58, 0.62)",0.5968043803542439,0.5763625197942635,0.6179712527753407
factor(state)25,-0.42581477424166053,0.0569195979888211,-7.480987028848829,7.402075822818275e-14,P1,"0.65 	(0.58, 0.73)",0.6532373272948682,0.5842786986344752,0.7303346960425443
factor(state)27,-0.5303499972691985,0.0172663271182651,-30.715854833317177,8.987057212212314e-207,P1,"0.59 	(0.57, 0.61)",0.5883989955936173,0.568819568235207,0.6086523694846209
factor(state)28,-0.2932249252068535,0.019187436238837594,-15.282131575938857,1.0663926014303129e-52,P1,"0.75 	(0.72, 0.77)",0.7458543603826262,0.7183256219783404,0.7744380958731142
factor(state)29,-0.44836955265884737,0.01650146968738172,-27.1714920642314,2.5176492252646515e-162,P1,"0.64 	(0.62, 0.66)",0.6386686187291489,0.6183427069435871,0.6596626756796413
factor(state)30,-0.11028190168597106,0.02751501107679917,-4.008063139722355,6.123756899702743e-5,P1,"0.9 	(0.85, 0.95)",0.8955816337354178,0.8485626817834395,0.9452059110099945
factor(state)31,-0.48915199445314633,0.04533227241621758,-10.79037004723709,3.878801783843789e-27,P1,"0.61 	(0.56, 0.67)",0.613146125101038,0.5610174614362977,0.6701184839486602
factor(state)32,-0.15083998003153848,0.015101238923558155,-9.98858310864984,1.7286068401282627e-23,P1,"0.86 	(0.83, 0.89)",0.8599853024702118,0.8349041022582244,0.8858199623937664
factor(state)33,-0.34657712692278875,0.015932202745425533,-21.753246080319826,8.168232924729817e-105,P1,"0.71 	(0.69, 0.73)",0.7071042804068518,0.6853646515695434,0.7295334858963871
factor(state)34,-0.2581078540467268,0.04119750224112072,-6.265133564070785,3.7314627274475224e-10,P1,"0.77 	(0.71, 0.84)",0.7725119090781072,0.7125857961501907,0.8374776102633968
factor(state)35,-0.2559712659601268,0.037661878209166416,-6.79656135412351,1.0739900597091357e-11,P1,"0.77 	(0.72, 0.83)",0.7741642133380334,0.7190757679058211,0.8334729884706555
factor(state)36,-0.2850984022470361,0.015623232284340304,-18.248362250415997,2.399761892512272e-74,P1,"0.75 	(0.73, 0.78)",0.7519402580677128,0.7292636609566936,0.7753219884303477
factor(state)37,0.1882279839844382,0.022008358670723215,8.55256799476055,1.2108380530507945e-17,P1,"1.21 	(1.16, 1.26)",1.2071086854289819,1.1561454694870927,1.2603183741960355
glucose,0.0012862420462194288,4.818735966203713e-5,26.692519682350504,9.856856319267943e-157,P1,"1 	(1, 1)",1.001287069610298,1.0011925052909465,1.0013816428614088
(Intercept),-1.866070885018077,0.004115935568506255,-453.3770886251522,0,Q0,"0.15 	(0.15, 0.16)",0.15473042263976655,0.15348719759357043,0.1559837176366799
I(o_undiagnosedhtn >= 1)TRUE,0.3446868031720364,0.007696647312718731,44.784019478512484,0,Q0,"1.41 	(1.39, 1.43)",1.4115477581491096,1.3904137635127487,1.4330029850265562
(Intercept),-3.8886425103924322,0.021486364127526893,-180.98187703198064,0,Q1,"0.02 	(0.02, 0.02)",0.020473119229351654,0.019628831786943943,0.021353721684957527
I(o_undiagnosedhtn >= 1)TRUE,0.36091304409251757,0.007732004364703679,46.67781173793338,0,Q1,"1.43 	(1.41, 1.46)",1.4346387051439953,1.4130610596425304,1.45654584439395
sexMale,0.26674051824499495,0.006490829435898191,41.09498190936269,0,Q1,"1.31 	(1.29, 1.32)",1.3057015966280918,1.2891956445631045,1.322418879265534
age,0.028043897769375357,1.724706274416043e-4,162.60100740266952,0,Q1,"1.03 	(1.03, 1.03)",1.0284408296888874,1.0280932318066551,1.028788545093815
educationNo education,0.19261574644653348,0.011580019069055675,16.633456758395553,4.166239223598648e-62,Q1,"1.21 	(1.19, 1.24)",1.212416828525857,1.1852087377460645,1.2402495183153472
educationPrimary,0.16864757039882644,0.011994647210291379,14.06023599044474,6.816408172951617e-45,Q1,"1.18 	(1.16, 1.21)",1.1837028934648108,1.156199186267208,1.2118608598234617
educationSecondary,0.1235054946583564,0.009986825981019963,12.36684156638751,4.0036643538447e-35,Q1,"1.13 	(1.11, 1.15)",1.131456221490381,1.1095242454417371,1.1538217271129612
smokecurr,-0.025705235572930526,0.007020756981070976,-3.661319661431913,2.509485943411199e-4,Q1,"0.97 	(0.96, 0.99)",0.974622331265443,0.9613027153442413,0.98812650108986
alcohol,0.215760098345687,0.00819719974530776,26.321195658211494,1.438913171837484e-152,Q1,"1.24 	(1.22, 1.26)",1.2408046721983828,1.2210285616196734,1.2609010820411015
swealthq_ur,0.025718643887169833,0.0020697448004252323,12.425997582835285,1.9144515646089675e-35,Q1,"1.03 	(1.02, 1.03)",1.026052221793154,1.0218982673110655,1.0302230618482895
nmembers,-0.031255343224266034,0.0012644004704895145,-24.719496673522656,8.152444623029869e-135,Q1,"0.97 	(0.97, 0.97)",0.969228055659642,0.9668290643846363,0.9716329995475236
residenceUrban,0.08830001670876114,0.006615244475986726,13.347959705690297,1.2396129870390288e-40,Q1,"1.09 	(1.08, 1.11)",1.092315785860429,1.0782443726171649,1.1065708352771726
factor(state)2,0.12478592350794425,0.02718665038617213,4.5899705088867355,4.434299917834972e-6,Q1,"1.13 	(1.07, 1.19)",1.1329058985845482,1.0741182460304284,1.1949110629029414
factor(state)3,0.6498677530578933,0.019081327124069944,34.05778585694516,6.648494750943383e-254,Q1,"1.92 	(1.84, 1.99)",1.91528752134673,1.8449798423822237,1.988274454364762
factor(state)4,0.4995351173448508,0.05984650733944431,8.34693851909402,7.025269585086296e-17,Q1,"1.65 	(1.47, 1.85)",1.6479549869080266,1.465557861706549,1.8530524859064308
factor(state)5,0.5176808242113918,0.023692503693495674,21.849983898219726,8.846797921818251e-106,Q1,"1.68 	(1.6, 1.76)",1.678131251860123,1.6019850507279594,1.7578968650112847
factor(state)6,0.3620012468494028,0.01962500756599888,18.445916294910614,6.005351487593817e-76,Q1,"1.44 	(1.38, 1.49)",1.4362007326852613,1.3820062282382857,1.4925204405157249
factor(state)7,0.5780949811397684,0.022316139751443573,25.90479301431929,7.585505953003172e-148,Q1,"1.78 	(1.71, 1.86)",1.7826392326506422,1.706347885722036,1.8623415895291437
factor(state)8,0.16435963427242542,0.01871534715066041,8.782077775491631,1.6103525002385694e-18,Q1,"1.18 	(1.14, 1.22)",1.178638117543067,1.1361865846433932,1.222675774297651
factor(state)9,0.34883036724205485,0.017178155742705904,20.306625022314943,1.237260478734617e-91,Q1,"1.42 	(1.37, 1.47)",1.4174087309954975,1.3704801898749261,1.4659442183440956
factor(state)10,-0.010467567594246786,0.020247596388017892,-0.5169782819476427,0.6051715775935447,Q1,"0.99 	(0.95, 1.03)",0.9895870267354301,0.9510840339983717,1.0296487465635926
factor(state)11,0.7608426910287394,0.033986145818485275,22.386848308492585,6.094194257376394e-111,Q1,"2.14 	(2, 2.29)",2.1400788861231965,2.002166501915036,2.2874908927153035
factor(state)12,0.5904030397403518,0.019807126162463714,29.80760736806022,4.8615759799233865e-195,Q1,"1.8 	(1.74, 1.88)",1.8047156409609533,1.7359955840100718,1.8761560079580297
factor(state)13,0.3636062733059592,0.024689304879212334,14.727278677339553,4.423888237629767e-49,Q1,"1.44 	(1.37, 1.51)",1.4385077237537416,1.370554271479371,1.5098303761919416
factor(state)14,0.42076742135912626,0.02556170306785027,16.46085240260608,7.309143863812694e-61,Q1,"1.52 	(1.45, 1.6)",1.5231299897074784,1.4486998272869682,1.6013841665812232
factor(state)15,0.16892920363116426,0.03585545243856852,4.711395119629079,2.4610114656644086e-6,Q1,"1.18 	(1.1, 1.27)",1.1840363104852778,1.1036827217723038,1.270240039905978
factor(state)16,-0.005087690195178496,0.030628002040382903,-0.16611237613444052,0.8680685904902452,Q1,"0.99 	(0.94, 1.06)",0.9949252301796743,0.9369563579451503,1.056480598326892
factor(state)17,0.2829751179229033,0.026633556463326137,10.624758969481011,2.3027989579361292e-26,Q1,"1.33 	(1.26, 1.4)",1.3270721410950193,1.2595737212519884,1.3981876867993115
factor(state)18,0.07128626319279949,0.019589587786390764,3.638987403416591,2.7374325418813404e-4,Q1,"1.07 	(1.03, 1.12)",1.0738885966501757,1.0334375485069724,1.1159229889424742
factor(state)19,0.06514352940197188,0.021188982613240148,3.0744057225884123,0.0021093518976148294,Q1,"1.07 	(1.02, 1.11)",1.067312204073403,1.0238941206616323,1.1125714250882819
factor(state)20,0.2559677439151581,0.019747017266037586,12.962349729414111,2.0327331008256657e-38,Q1,"1.29 	(1.24, 1.34)",1.291711061726115,1.2426716148738945,1.342685748201408
factor(state)21,0.302050065842795,0.019084947332581613,15.826612490941404,2.113095009596152e-56,Q1,"1.35 	(1.3, 1.4)",1.352628945522415,1.3029664754507593,1.404184296938362
factor(state)22,0.5326921186854879,0.01883339340641403,28.284447055838093,7.706925384488188e-176,Q1,"1.7 	(1.64, 1.77)",1.7035121980688819,1.6417761393635018,1.7675697309710743
factor(state)23,0.3748946968837744,0.01791673311331831,20.92427757407953,3.588125141425139e-97,Q1,"1.45 	(1.4, 1.51)",1.4548382075548927,1.4046355863273334,1.5068351042533643
factor(state)24,0.1739518452093894,0.019564554126301238,8.89117350114003,6.068574783429539e-19,Q1,"1.19 	(1.15, 1.24)",1.1899982603235537,1.1452298040804165,1.2365167711559557
factor(state)25,-0.043211287781098145,0.05017117478698802,-0.8612771768761744,0.38908586861494965,Q1,"0.96 	(0.87, 1.06)",0.9577090164752212,0.8680145599178242,1.056671860809303
factor(state)27,0.30487212845382067,0.019228104817364252,15.855547457724535,1.3340783405938632e-56,Q1,"1.36 	(1.31, 1.41)",1.3564515403602089,1.3062821423497486,1.4085477567930693
factor(state)28,0.25623211612402635,0.022617294059006702,11.329035005493468,9.513047256923622e-30,Q1,"1.29 	(1.24, 1.35)",1.2920525993772654,1.2360270201611716,1.3506176582934788
factor(state)29,0.33801220805448967,0.019363145578140974,17.456471970962774,3.2398224926208728e-68,Q1,"1.4 	(1.35, 1.46)",1.4021576209174738,1.3499403991815333,1.4563946638599459
factor(state)30,-0.03854316251332407,0.045567052170828765,-0.845855956817824,0.3976335615647514,Q1,"0.96 	(0.88, 1.05)",0.962190173297348,0.8799813325307277,1.052079055958443
factor(state)31,0.2906005225237485,0.04448507903312879,6.532539198308121,6.473340102298271e-11,Q1,"1.34 	(1.23, 1.46)",1.3372302838577519,1.2255745661403934,1.459058372676315
factor(state)32,0.1329234122592912,0.02372398237250877,5.602913126985044,2.1090344676693053e-8,Q1,"1.14 	(1.09, 1.2)",1.1421625193341496,1.0902689476940077,1.1965260712330765
factor(state)33,0.3115448571772309,0.019628887425463655,15.871753218833893,1.030754443529136e-56,Q1,"1.37 	(1.31, 1.42)",1.36553303900757,1.3139951615467351,1.419092349188173
factor(state)34,0.12096943669527391,0.05199018494173622,2.326774502357331,0.01997771841617509,Q1,"1.13 	(1.02, 1.25)",1.1285904183873534,1.0192516425147944,1.2496583565301969
factor(state)35,0.31778902557951,0.03797701509272501,8.367930570730573,5.880591797991964e-17,Q1,"1.37 	(1.28, 1.48)",1.374086333577048,1.2755201752507594,1.4802692178130563
factor(state)36,0.34238802986575434,0.019768463054899182,17.319911462762956,3.503113803423278e-67,Q1,"1.41 	(1.35, 1.46)",1.4083066565483173,1.3547837429265677,1.4639440790704858
factor(state)37,-0.21154007825196028,0.05449640120307144,-3.881725647601805,1.0373285911757618e-4,Q1,"0.81 	(0.73, 0.9)",0.8093368435967735,0.7273459720579091,0.9005702259543646
glucose,0.0023828663890405875,5.6332142215461896e-5,42.30029775765468,0,Q1,"1 	(1, 1)",1.0023857076715053,1.0022750393740072,1.002496388188675
(Intercept),-1.7346982195782283,0.003137600835236511,-552.8740941476284,0,N0,"0.18 	(0.18, 0.18)",0.17645344244649971,0.17537163692623894,0.1775419212418931
I(o_diagnosedhtn >= 1)TRUE,-0.010174209946210693,0.007242586122726283,-1.4047758319760064,0.16008864604440085,N0,"0.99 	(0.98, 1)",0.9898773722435756,0.9759248643827945,1.0040293549642665
(Intercept),-3.871330685043186,0.02281789246858,-169.66206192679573,0,N1,"0.02 	(0.02, 0.02)",0.02083063196400067,0.01991954727422279,0.021783388048239496
I(o_diagnosedhtn >= 1)TRUE,0.028316281933328632,0.00760832919498962,3.721747732994519,1.9787306378042243e-4,N1,"1.03 	(1.01, 1.04)",1.0287209988395454,1.013494192460187,1.0441765738041004
sexMale,0.25741805763389614,0.006353251949951889,40.5175270336706,0,N1,"1.29 	(1.28, 1.31)",1.2935858071554764,1.277577470863953,1.3097947315417862
age,0.02820514737002288,1.7568079859689047e-4,160.54769556655526,0,N1,"1.03 	(1.03, 1.03)",1.0286066787331511,1.0282525550773087,1.0289609243469335
educationNo education,0.17954065698271116,0.011929105091815308,15.050639222375198,3.520411676545506e-51,N1,"1.2 	(1.17, 1.22)",1.1966675559705884,1.1690127755012971,1.2249765524577299
educationPrimary,0.15892631470523713,0.012249106631499964,12.974522917168516,1.734373813969858e-38,N1,"1.17 	(1.14, 1.2)",1.1722515657960944,1.1444430113813087,1.200735833803387
educationSecondary,0.1175516627299444,0.010176446075247128,11.551347283790301,7.341653210565002e-31,N1,"1.12 	(1.1, 1.15)",1.1247397355679887,1.1025281142006202,1.1473988340721422
smokecurr,-0.032928848765030834,0.007091432203663534,-4.64346944585035,3.4270472545655076e-6,N1,"0.97 	(0.95, 0.98)",0.9676074036015663,0.9542514614088348,0.9811502789026759
alcohol,0.2083870166908235,0.008242211731114502,25.282900207981633,6.205717556454392e-141,N1,"1.23 	(1.21, 1.25)",1.2316897618140767,1.2119519985400462,1.2517489728843327
swealthq_ur,0.02928212647565995,0.0022585531382828513,12.96499337532646,1.9638785749750866e-38,N1,"1.03 	(1.03, 1.03)",1.0297150633804855,1.0251668320531784,1.034283473285132
nmembers,-0.018744289864579263,0.0013540020620250194,-13.843619880863153,1.4196521018273432e-43,N1,"0.98 	(0.98, 0.98)",0.9814302918316494,0.9788291818961189,0.9840383138750551
residenceUrban,0.085034860812604,0.007257873243780906,11.716222914952159,1.06402194236177e-31,N1,"1.09 	(1.07, 1.1)",1.0887550209215933,1.0733766521876025,1.1043537169977493
factor(state)2,0.14692981335289595,0.029517130234786592,4.977781111652105,6.434137881066021e-7,N1,"1.16 	(1.09, 1.23)",1.1582726649020854,1.0931639938874593,1.2272591978523355
factor(state)3,0.7309550307385024,0.020743401246292446,35.23795456972849,1.2517865490540884e-271,N1,"2.08 	(1.99, 2.16)",2.0770633200642608,1.9943096778004459,2.163250814845645
factor(state)4,0.5475302622780193,0.06725558639305937,8.141037669021397,3.9290569676877396e-16,N1,"1.73 	(1.52, 1.97)",1.7289776192372543,1.5154452845147932,1.9725975186101437
factor(state)5,0.5739632267759519,0.025888140596669468,22.170894222113148,7.520566782618608e-109,N1,"1.78 	(1.69, 1.87)",1.7752890003557635,1.6874566781143543,1.8676930054915384
factor(state)6,0.4052350307586047,0.021378161519033958,18.95556034590745,4.274673323445469e-80,N1,"1.5 	(1.44, 1.56)",1.499654923674306,1.4381158713490507,1.5638273208061502
factor(state)7,0.637590318818021,0.024439985799407208,26.087998743169717,6.481525287250815e-150,N1,"1.89 	(1.8, 1.98)",1.8919164666164174,1.803425562596223,1.9847494628508524
factor(state)8,0.1876607360860081,0.020373911211376324,9.210835079188069,3.249446854925109e-20,N1,"1.21 	(1.16, 1.26)",1.2064241497330683,1.1591974011777981,1.2555749586570355
factor(state)9,0.3918206669733004,0.018651416122574347,21.0075559088014,6.246291274865243e-98,N1,"1.48 	(1.43, 1.53)",1.479672333489399,1.4265570607155835,1.5347652574063255
factor(state)10,-0.01618861692350302,0.02191031102998757,-0.7388583804833465,0.4599933883684528,N1,"0.98 	(0.94, 1.03)",0.9839417144925664,0.9425815609922378,1.0271167372502248
factor(state)11,0.8564612374950412,0.03723946162809236,22.99875454829218,5.6196335571821445e-117,N1,"2.35 	(2.19, 2.53)",2.3548128085528046,2.1890592661456507,2.533117055842835
factor(state)12,0.6720180531090142,0.021524692424816028,31.220797019809584,9.510993399053042e-214,N1,"1.96 	(1.88, 2.04)",1.9581850573680175,1.8772907667257714,2.0425651619153338
factor(state)13,0.4103639322885889,0.026998216446690114,15.199668211375425,3.663708171544344e-52,N1,"1.51 	(1.43, 1.59)",1.507366264556512,1.429675403652914,1.589278971798461
factor(state)14,0.47030020436898584,0.027941408044982168,16.831657288418015,1.4971093254421516e-63,N1,"1.6 	(1.52, 1.69)",1.6004745905696,1.51518121338068,1.6905693473744012
factor(state)15,0.19104426105130626,0.038725712157103104,4.933266566571449,8.089487862684388e-7,N1,"1.21 	(1.12, 1.31)",1.2105130294748994,1.1220326036875696,1.3059707799155216
factor(state)16,0.00807623606371355,0.0330226624621426,0.24456647228163994,0.8067922402250194,N1,"1.01 	(0.94, 1.08)",1.0081089368319534,0.9449264526865243,1.075516116234286
factor(state)17,0.3017025694326712,0.028885523992469787,10.444767057413344,1.5589685251468222e-25,N1,"1.35 	(1.28, 1.43)",1.3521589934776697,1.2777323975065393,1.4309208619977778
factor(state)18,0.08632102178145078,0.02124164232748182,4.06376401836741,4.8295955860351155e-5,N1,"1.09 	(1.05, 1.14)",1.0901562360350738,1.0457009256511012,1.1365014506668647
factor(state)19,0.08931093304862929,0.023031973186060588,3.8776935144524245,1.054666426423156e-4,N1,"1.09 	(1.05, 1.14)",1.0934205840718458,1.0451582042697931,1.1439115808379545
factor(state)20,0.30015243219606036,0.021513696222021497,13.951690546268066,3.1393883643915597e-44,N1,"1.35 	(1.29, 1.41)",1.3500645852015827,1.2943201642310385,1.408209834464242
factor(state)21,0.35169806406885123,0.02075197881485454,16.9476880834661,2.0976997070441482e-64,N1,"1.42 	(1.36, 1.48)",1.4214792632523006,1.3648222298202362,1.4804882655834535
factor(state)22,0.6147769817585609,0.020503618563723222,29.983828456810915,2.5168530146696815e-197,N1,"1.85 	(1.78, 1.93)",1.849244138391119,1.7764018562285724,1.9250733562248055
factor(state)23,0.4299280119636167,0.019480241656799038,22.069952700692614,7.028709093337293e-108,N1,"1.54 	(1.48, 1.6)",1.5371468633808976,1.479562947344405,1.5969719192026555
factor(state)24,0.21055818480886854,0.021309294462731086,9.881049097009031,5.0580184299135015e-23,N1,"1.23 	(1.18, 1.29)",1.2343668725333192,1.1838738292639717,1.287013479261524
factor(state)25,-0.033924580828361306,0.0542837964134151,-0.6249485678930436,0.5320051363805084,N1,"0.97 	(0.87, 1.08)",0.9666444054087393,0.8690793710613207,1.0751623357104
factor(state)27,0.35514478441607317,0.020916152952974804,16.979450533496056,1.222047888725989e-64,N1,"1.43 	(1.37, 1.49)",1.4263871579636218,1.3690938869419909,1.4860780139395542
factor(state)28,0.2937133387011124,0.02460939024931876,11.93501081194984,7.865611413685455e-33,N1,"1.34 	(1.28, 1.41)",1.3413993212753972,1.2782333558035326,1.4076867349365751
factor(state)29,0.39150164794185505,0.021035617585663767,18.61136932859399,2.7818528963534634e-77,N1,"1.48 	(1.42, 1.54)",1.4792003651421581,1.419453356767221,1.5414622183992723
factor(state)30,-0.025210675320109885,0.04946187418770477,-0.5096991518040122,0.6102625010993439,N1,"0.98 	(0.89, 1.07)",0.9751044599430115,0.8850103415033052,1.0743701663255665
factor(state)31,0.33784624488948517,0.0494681961647791,6.8295646714934914,8.528171365580194e-12,N1,"1.4 	(1.27, 1.54)",1.401924933710158,1.27237925943023,1.544660135876729
factor(state)32,0.14983612458653442,0.025813931151968693,5.804467506496282,6.4614660941022465e-9,N1,"1.16 	(1.1, 1.22)",1.1616438622611425,1.104332212301974,1.2219298212049192
factor(state)33,0.36250402068618076,0.021319143051324655,17.00368630265637,8.086223273379317e-65,N1,"1.44 	(1.38, 1.5)",1.4369229983909522,1.378117586606681,1.498237685500294
factor(state)34,0.14481766949463984,0.056434313337860226,2.5661279623913784,0.010284413645077277,N1,"1.16 	(1.03, 1.29)",1.1558288082037191,1.034798182916282,1.2910152490881508
factor(state)35,0.3658965540320574,0.04182548747738551,8.748171894706376,2.1757289719458182e-18,N1,"1.44 	(1.33, 1.56)",1.4418060859136745,1.3283247988221565,1.5649822929008135
factor(state)36,0.3887098325378155,0.02147214354019968,18.102982210885532,3.20832787715073e-73,N1,"1.48 	(1.41, 1.54)",1.475076470032589,1.414285464118101,1.5384804890154105
factor(state)37,-0.22833129203463579,0.05809092763073119,-3.9305843674261496,8.475250642740392e-5,N1,"0.8 	(0.71, 0.89)",0.7958605538938408,0.7102135992402764,0.8918359517781129
glucose,0.0023829509065451896,5.671767527011815e-5,42.01425561249428,0,N1,"1 	(1, 1)",1.0023857923906474,1.0022743667201095,1.0024972304486919
